﻿<?xml version="1.0"?>
<doc>
<assembly>
<name>
pdfsecondmonitor
</name>
</assembly>
<members>
<member name="T:pdfsecondmonitor.My.Resources.Resources">
<summary>
  ローカライズされた文字列などを検索するための、厳密に型指定されたリソース クラスです。
</summary>
</member>
<member name="P:pdfsecondmonitor.My.Resources.Resources.ResourceManager">
<summary>
  このクラスで使用されているキャッシュされた ResourceManager インスタンスを返します。
</summary>
</member>
<member name="P:pdfsecondmonitor.My.Resources.Resources.Culture">
<summary>
  すべてについて、現在のスレッドの CurrentUICulture プロパティをオーバーライドします
  現在のスレッドの CurrentUICulture プロパティをオーバーライドします。
</summary>
</member>
<member name="F:pdfsecondmonitor.frmOperation.movieExts">
 <summary>
 開ける動画の拡張子
 </summary>
</member>
<member name="F:pdfsecondmonitor.frmOperation.ImageExts">
 <summary>
 開ける画像の拡張子
 </summary>
</member>
<member name="F:pdfsecondmonitor.frmOperation.PDFExts">
 <summary>
 PDFの拡張子
 </summary>
</member>
</members>
</doc>
